{
    "lights": [
        {
            "angle": 0.7853981852531433,
            "color": [
                0.0,
                0.0,
                19.60784339904785
            ],
            "pos": [
                0.0,
                12.0,
                50.0,
                0.0
            ],
            "radius": 10.25,
            "rot": [
                -0.2617993950843811,
                0.0,
                0.0,
                0.0
            ],
            "size": 0.0,
            "type": 2
        }
    ]
}
